<?xml version="1.0" encoding="UTF-8"?>
<!DOCTYPE mapper PUBLIC "-//mybatis.org//DTD Mapper 3.0//EN" "http://mybatis.org/dtd/mybatis-3-mapper.dtd">
<mapper namespace="com.dao.DingdanxinxiMapper">
  <resultMap id="BaseResultMap" type="com.entity.Dingdanxinxi">
    <id column="id" jdbcType="INTEGER" property="id" />
	<result column="dingdanhao" jdbcType="VARCHAR" property="dingdanhao" />
    <result column="jine" jdbcType="VARCHAR" property="jine" />
    <result column="dingdanneirong" jdbcType="VARCHAR" property="dingdanneirong" />
    <result column="dizhi" jdbcType="VARCHAR" property="dizhi" />
    <result column="dianhua" jdbcType="VARCHAR" property="dianhua" />
    <result column="xingming" jdbcType="VARCHAR" property="xingming" />
    <result column="yonghuming" jdbcType="VARCHAR" property="yonghuming" />
    <result column="beizhu" jdbcType="VARCHAR" property="beizhu" />
    <result column="issh" jdbcType="VARCHAR" property="issh" />
    <result column="iszf" jdbcType="VARCHAR" property="iszf" />
    
    <result column="addtime" jdbcType="VARCHAR" property="addtime" />
  </resultMap>
  <sql id="Base_Column_List">
    id, dingdanhao,jine,dingdanneirong,dizhi,dianhua,xingming,yonghuming,beizhu,issh, iszf, addtime
  </sql>
  <select id="quchongDingdanxinxi"  parameterType="java.util.Map" resultMap="BaseResultMap" >
    select 
    <include refid="Base_Column_List" />
    from dingdanxinxi 
    where yonghuming = #{yonghuming,jdbcType=VARCHAR} limit 0,1
  </select>
 <select id="getCount"   resultType="int" parameterType="java.util.Map" >
    select  count(*) from dingdanxinxi  where 1=1
    <if test="dingdanhao!=null">and dingdanhao like  concat('%',#{dingdanhao,jdbcType=VARCHAR},'%')</if>
     <if test="jine1!=null">and jine &gt;=  concat('',#{jine1,jdbcType=VARCHAR},'')</if>
     <if test="jine2!=null">and jine &lt;=  concat('',#{jine2,jdbcType=VARCHAR},'')</if>
     <if test="dingdanneirong!=null">and dingdanneirong like  concat('%',#{dingdanneirong,jdbcType=VARCHAR},'%')</if>
     <if test="dizhi!=null">and dizhi like  concat('%',#{dizhi,jdbcType=VARCHAR},'%')</if>
     <if test="dianhua!=null">and dianhua like  concat('%',#{dianhua,jdbcType=VARCHAR},'%')</if>
     <if test="xingming!=null">and xingming like  concat('%',#{xingming,jdbcType=VARCHAR},'%')</if>
     <if test="yonghuming!=null">and yonghuming like  concat('%',#{yonghuming,jdbcType=VARCHAR},'%')</if>
     <if test="beizhu!=null">and beizhu like  concat('%',#{beizhu,jdbcType=VARCHAR},'%')</if>
     
  </select> 
  <select id="getAll"   resultMap="BaseResultMap" parameterType="java.util.Map" >
    select   <include refid="Base_Column_List" /> from dingdanxinxi  where 1=1
    <if test="yonghuming!=null">
    and yonghuming =#{yonghuming}
    </if>
  </select>
  
  <select id="getsydingdanxinxi1"   resultMap="BaseResultMap" parameterType="java.util.Map" >
    select   <include refid="Base_Column_List" /> from dingdanxinxi  where 1=1
    limit 0,5
  </select>
  <select id="getsydingdanxinxi2"   resultMap="BaseResultMap" parameterType="java.util.Map" >
    select   <include refid="Base_Column_List" /> from dingdanxinxi  where 1=1
    limit 0,5
  </select>
  <select id="getsydingdanxinxi3"   resultMap="BaseResultMap" parameterType="java.util.Map" >
    select   <include refid="Base_Column_List" /> from dingdanxinxi  where 1=1
    limit 0,5
  </select>
  
   <select id="getByPage" parameterType="java.util.Map" resultMap="BaseResultMap">
     select  <include refid="Base_Column_List" /> 
     from dingdanxinxi where 1=1 
     <if test="dingdanhao!=null">and dingdanhao like  concat('%',#{dingdanhao,jdbcType=VARCHAR},'%')</if>
     <if test="jine1!=null">and jine &gt;=  concat('',#{jine1,jdbcType=VARCHAR},'')</if>
     <if test="jine2!=null">and jine &lt;=  concat('',#{jine2,jdbcType=VARCHAR},'')</if>
     <if test="dingdanneirong!=null">and dingdanneirong like  concat('%',#{dingdanneirong,jdbcType=VARCHAR},'%')</if>
     <if test="dizhi!=null">and dizhi like  concat('%',#{dizhi,jdbcType=VARCHAR},'%')</if>
     <if test="dianhua!=null">and dianhua like  concat('%',#{dianhua,jdbcType=VARCHAR},'%')</if>
     <if test="xingming!=null">and xingming like  concat('%',#{xingming,jdbcType=VARCHAR},'%')</if>
     <if test="yonghuming!=null">and yonghuming like  concat('%',#{yonghuming,jdbcType=VARCHAR},'%')</if>
     <if test="beizhu!=null">and beizhu like  concat('%',#{beizhu,jdbcType=VARCHAR},'%')</if>
     
	 order by id desc
     <if test="pageno!=null and pageSize!=null">
     limit #{pageno},#{pageSize}
     </if>
     </select>
	 
  <select id="selectByPrimaryKey" parameterType="java.lang.Integer" resultMap="BaseResultMap">
    select 
    <include refid="Base_Column_List" />
    from dingdanxinxi
    where id = #{id,jdbcType=INTEGER}
  </select>
  <delete id="deleteByPrimaryKey" parameterType="java.lang.Integer">
    delete from dingdanxinxi
    where id = #{id,jdbcType=INTEGER}
  </delete>
  <insert id="insert" parameterType="com.entity.Dingdanxinxi">
    insert into dingdanxinxi (id, dingdanhao,jine,dingdanneirong,dizhi,dianhua,xingming,yonghuming,beizhu, addtime)
    values (#{id,jdbcType=INTEGER}, #{dingdanhao,jdbcType=VARCHAR},#{jine,jdbcType=VARCHAR},#{dingdanneirong,jdbcType=VARCHAR},#{dizhi,jdbcType=VARCHAR},#{dianhua,jdbcType=VARCHAR},#{xingming,jdbcType=VARCHAR},#{yonghuming,jdbcType=VARCHAR},#{beizhu,jdbcType=VARCHAR}, #{addtime,jdbcType=VARCHAR})
  </insert>
  <insert id="insertSelective" parameterType="com.entity.Dingdanxinxi">
    insert into dingdanxinxi
    <trim prefix="(" suffix=")" suffixOverrides=",">
      <if test="id != null">
        id,
      </if>
      <if test="dingdanhao != null"> dingdanhao, </if>
      <if test="jine != null"> jine, </if>
      <if test="dingdanneirong != null"> dingdanneirong, </if>
      <if test="dizhi != null"> dizhi, </if>
      <if test="dianhua != null"> dianhua, </if>
      <if test="xingming != null"> xingming, </if>
      <if test="yonghuming != null"> yonghuming, </if>
      <if test="beizhu != null"> beizhu, </if>
      
      <if test="addtime != null">
        addtime,
      </if>
      
    </trim>
    <trim prefix="values (" suffix=")" suffixOverrides=",">
      <if test="id != null">
        #{id,jdbcType=INTEGER},
      </if>
      <if test="dingdanhao != null"> #{dingdanhao,jdbcType=VARCHAR},</if>
      <if test="jine != null"> #{jine,jdbcType=VARCHAR},</if>
      <if test="dingdanneirong != null"> #{dingdanneirong,jdbcType=VARCHAR},</if>
      <if test="dizhi != null"> #{dizhi,jdbcType=VARCHAR},</if>
      <if test="dianhua != null"> #{dianhua,jdbcType=VARCHAR},</if>
      <if test="xingming != null"> #{xingming,jdbcType=VARCHAR},</if>
      <if test="yonghuming != null"> #{yonghuming,jdbcType=VARCHAR},</if>
      <if test="beizhu != null"> #{beizhu,jdbcType=VARCHAR},</if>
      
      <if test="addtime != null">
        #{addtime,jdbcType=VARCHAR},
      </if>
      
    </trim>
  </insert>
  <update id="updateByPrimaryKeySelective" parameterType="com.entity.Dingdanxinxi">
    update dingdanxinxi
    <set>
	  <if test="dingdanhao != null"> dingdanhao = #{dingdanhao,jdbcType=VARCHAR},</if>
      <if test="jine != null"> jine = #{jine,jdbcType=VARCHAR},</if>
      <if test="dingdanneirong != null"> dingdanneirong = #{dingdanneirong,jdbcType=VARCHAR},</if>
      <if test="dizhi != null"> dizhi = #{dizhi,jdbcType=VARCHAR},</if>
      <if test="dianhua != null"> dianhua = #{dianhua,jdbcType=VARCHAR},</if>
      <if test="xingming != null"> xingming = #{xingming,jdbcType=VARCHAR},</if>
      <if test="yonghuming != null"> yonghuming = #{yonghuming,jdbcType=VARCHAR},</if>
      <if test="beizhu != null"> beizhu = #{beizhu,jdbcType=VARCHAR},</if>
      
      <if test="addtime != null">
        addtime = #{addtime,jdbcType=VARCHAR},
      </if>
    </set>
    where id = #{id,jdbcType=INTEGER}
  </update>
  
  
  
  <update id="updateByPrimaryKey" parameterType="com.entity.Dingdanxinxi">
    update dingdanxinxi
    set dingdanhao = #{dingdanhao,jdbcType=VARCHAR},jine = #{jine,jdbcType=VARCHAR},dingdanneirong = #{dingdanneirong,jdbcType=VARCHAR},dizhi = #{dizhi,jdbcType=VARCHAR},dianhua = #{dianhua,jdbcType=VARCHAR},xingming = #{xingming,jdbcType=VARCHAR},yonghuming = #{yonghuming,jdbcType=VARCHAR},beizhu = #{beizhu,jdbcType=VARCHAR},  addtime = #{addtime,jdbcType=VARCHAR} where id = #{id,jdbcType=INTEGER}
  </update>
</mapper>
