<?xml version="1.0" encoding="UTF-8"?>
<!DOCTYPE mapper PUBLIC "-//mybatis.org//DTD Mapper 3.0//EN" "http://mybatis.org/dtd/mybatis-3-mapper.dtd">
<mapper namespace="com.dao.GoumaijiluMapper">
  <resultMap id="BaseResultMap" type="com.entity.Goumaijilu">
    <id column="id" jdbcType="INTEGER" property="id" />
	<result column="tushubianhao" jdbcType="VARCHAR" property="tushubianhao" />    <result column="tushumingcheng" jdbcType="VARCHAR" property="tushumingcheng" />    <result column="tushuleibie" jdbcType="VARCHAR" property="tushuleibie" />    <result column="xinjiuchengdu" jdbcType="VARCHAR" property="xinjiuchengdu" />    <result column="jiage" jdbcType="VARCHAR" property="jiage" />    <result column="shuliang" jdbcType="VARCHAR" property="shuliang" />    <result column="jine" jdbcType="VARCHAR" property="jine" />    <result column="beizhu" jdbcType="VARCHAR" property="beizhu" />    <result column="goumairen" jdbcType="VARCHAR" property="goumairen" />    <result column="issh" jdbcType="VARCHAR" property="issh" />    
    <result column="addtime" jdbcType="VARCHAR" property="addtime" />
  </resultMap>
  <sql id="Base_Column_List">
    id, tushubianhao,tushumingcheng,tushuleibie,xinjiuchengdu,jiage,shuliang,jine,beizhu,goumairen,issh, addtime
  </sql>
  <select id="quchongGoumaijilu"  parameterType="java.util.Map" resultMap="BaseResultMap" >
    select 
    <include refid="Base_Column_List" />
    from goumaijilu 
    where goumairen = #{goumairen,jdbcType=VARCHAR} limit 0,1
  </select>
 <select id="getCount"   resultType="int" parameterType="java.util.Map" >
    select  count(*) from goumaijilu  where 1=1
    <if test="tushubianhao!=null">and tushubianhao like  concat('%',#{tushubianhao,jdbcType=VARCHAR},'%')</if>     <if test="tushumingcheng!=null">and tushumingcheng like  concat('%',#{tushumingcheng,jdbcType=VARCHAR},'%')</if>     <if test="tushuleibie!=null">and tushuleibie like  concat('%',#{tushuleibie,jdbcType=VARCHAR},'%')</if>     <if test="xinjiuchengdu!=null">and xinjiuchengdu like  concat('%',#{xinjiuchengdu,jdbcType=VARCHAR},'%')</if>     <if test="jiage!=null">and jiage like  concat('%',#{jiage,jdbcType=VARCHAR},'%')</if>     <if test="shuliang1!=null">and shuliang &gt;=  concat('',#{shuliang1,jdbcType=VARCHAR},'')</if>     <if test="shuliang2!=null">and shuliang &lt;=  concat('',#{shuliang2,jdbcType=VARCHAR},'')</if>     <if test="jine!=null">and jine like  concat('%',#{jine,jdbcType=VARCHAR},'%')</if>     <if test="beizhu!=null">and beizhu like  concat('%',#{beizhu,jdbcType=VARCHAR},'%')</if>     <if test="goumairen!=null">and goumairen like  concat('%',#{goumairen,jdbcType=VARCHAR},'%')</if>     
  </select> 
  <select id="getAll"   resultMap="BaseResultMap" parameterType="java.util.Map" >
    select   <include refid="Base_Column_List" /> from goumaijilu  where 1=1
    <if test="goumairen!=null">
    and goumairen =#{goumairen}
    </if>
  </select>
  
  <select id="getsygoumaijilu1"   resultMap="BaseResultMap" parameterType="java.util.Map" >
    select   <include refid="Base_Column_List" /> from goumaijilu  where 1=1
    limit 0,5
  </select>
  <select id="getsygoumaijilu2"   resultMap="BaseResultMap" parameterType="java.util.Map" >
    select   <include refid="Base_Column_List" /> from goumaijilu  where 1=1
    limit 0,5
  </select>
  <select id="getsygoumaijilu3"   resultMap="BaseResultMap" parameterType="java.util.Map" >
    select   <include refid="Base_Column_List" /> from goumaijilu  where 1=1
    limit 0,5
  </select>
  
   <select id="getByPage" parameterType="java.util.Map" resultMap="BaseResultMap">
     select  <include refid="Base_Column_List" /> 
     from goumaijilu where 1=1 
     <if test="tushubianhao!=null">and tushubianhao like  concat('%',#{tushubianhao,jdbcType=VARCHAR},'%')</if>     <if test="tushumingcheng!=null">and tushumingcheng like  concat('%',#{tushumingcheng,jdbcType=VARCHAR},'%')</if>     <if test="tushuleibie!=null">and tushuleibie like  concat('%',#{tushuleibie,jdbcType=VARCHAR},'%')</if>     <if test="xinjiuchengdu!=null">and xinjiuchengdu like  concat('%',#{xinjiuchengdu,jdbcType=VARCHAR},'%')</if>     <if test="jiage!=null">and jiage like  concat('%',#{jiage,jdbcType=VARCHAR},'%')</if>     <if test="shuliang1!=null">and shuliang &gt;=  concat('',#{shuliang1,jdbcType=VARCHAR},'')</if>     <if test="shuliang2!=null">and shuliang &lt;=  concat('',#{shuliang2,jdbcType=VARCHAR},'')</if>     <if test="jine!=null">and jine like  concat('%',#{jine,jdbcType=VARCHAR},'%')</if>     <if test="beizhu!=null">and beizhu like  concat('%',#{beizhu,jdbcType=VARCHAR},'%')</if>     <if test="goumairen!=null">and goumairen like  concat('%',#{goumairen,jdbcType=VARCHAR},'%')</if>     
	 order by id desc
     <if test="pageno!=null and pageSize!=null">
     limit #{pageno},#{pageSize}
     </if>
     </select>
	 
  <select id="selectByPrimaryKey" parameterType="java.lang.Integer" resultMap="BaseResultMap">
    select 
    <include refid="Base_Column_List" />
    from goumaijilu
    where id = #{id,jdbcType=INTEGER}
  </select>
  <delete id="deleteByPrimaryKey" parameterType="java.lang.Integer">
    delete from goumaijilu
    where id = #{id,jdbcType=INTEGER}
  </delete>
  <insert id="insert" parameterType="com.entity.Goumaijilu">
    insert into goumaijilu (id, tushubianhao,tushumingcheng,tushuleibie,xinjiuchengdu,jiage,shuliang,jine,beizhu,goumairen, addtime)
    values (#{id,jdbcType=INTEGER}, #{tushubianhao,jdbcType=VARCHAR},#{tushumingcheng,jdbcType=VARCHAR},#{tushuleibie,jdbcType=VARCHAR},#{xinjiuchengdu,jdbcType=VARCHAR},#{jiage,jdbcType=VARCHAR},#{shuliang,jdbcType=VARCHAR},#{jine,jdbcType=VARCHAR},#{beizhu,jdbcType=VARCHAR},#{goumairen,jdbcType=VARCHAR}, #{addtime,jdbcType=VARCHAR})
  </insert>
  <insert id="insertSelective" parameterType="com.entity.Goumaijilu">
    insert into goumaijilu
    <trim prefix="(" suffix=")" suffixOverrides=",">
      <if test="id != null">
        id,
      </if>
      <if test="tushubianhao != null"> tushubianhao, </if>      <if test="tushumingcheng != null"> tushumingcheng, </if>      <if test="tushuleibie != null"> tushuleibie, </if>      <if test="xinjiuchengdu != null"> xinjiuchengdu, </if>      <if test="jiage != null"> jiage, </if>      <if test="shuliang != null"> shuliang, </if>      <if test="jine != null"> jine, </if>      <if test="beizhu != null"> beizhu, </if>      <if test="goumairen != null"> goumairen, </if>      
      <if test="addtime != null">
        addtime,
      </if>
      
    </trim>
    <trim prefix="values (" suffix=")" suffixOverrides=",">
      <if test="id != null">
        #{id,jdbcType=INTEGER},
      </if>
      <if test="tushubianhao != null"> #{tushubianhao,jdbcType=VARCHAR},</if>      <if test="tushumingcheng != null"> #{tushumingcheng,jdbcType=VARCHAR},</if>      <if test="tushuleibie != null"> #{tushuleibie,jdbcType=VARCHAR},</if>      <if test="xinjiuchengdu != null"> #{xinjiuchengdu,jdbcType=VARCHAR},</if>      <if test="jiage != null"> #{jiage,jdbcType=VARCHAR},</if>      <if test="shuliang != null"> #{shuliang,jdbcType=VARCHAR},</if>      <if test="jine != null"> #{jine,jdbcType=VARCHAR},</if>      <if test="beizhu != null"> #{beizhu,jdbcType=VARCHAR},</if>      <if test="goumairen != null"> #{goumairen,jdbcType=VARCHAR},</if>      
      <if test="addtime != null">
        #{addtime,jdbcType=VARCHAR},
      </if>
      
    </trim>
  </insert>
  <update id="updateByPrimaryKeySelective" parameterType="com.entity.Goumaijilu">
    update goumaijilu
    <set>
	  <if test="tushubianhao != null"> tushubianhao = #{tushubianhao,jdbcType=VARCHAR},</if>      <if test="tushumingcheng != null"> tushumingcheng = #{tushumingcheng,jdbcType=VARCHAR},</if>      <if test="tushuleibie != null"> tushuleibie = #{tushuleibie,jdbcType=VARCHAR},</if>      <if test="xinjiuchengdu != null"> xinjiuchengdu = #{xinjiuchengdu,jdbcType=VARCHAR},</if>      <if test="jiage != null"> jiage = #{jiage,jdbcType=VARCHAR},</if>      <if test="shuliang != null"> shuliang = #{shuliang,jdbcType=VARCHAR},</if>      <if test="jine != null"> jine = #{jine,jdbcType=VARCHAR},</if>      <if test="beizhu != null"> beizhu = #{beizhu,jdbcType=VARCHAR},</if>      <if test="goumairen != null"> goumairen = #{goumairen,jdbcType=VARCHAR},</if>      
      <if test="addtime != null">
        addtime = #{addtime,jdbcType=VARCHAR},
      </if>
    </set>
    where id = #{id,jdbcType=INTEGER}
  </update>
  
  
  
  <update id="updateByPrimaryKey" parameterType="com.entity.Goumaijilu">
    update goumaijilu
    set tushubianhao = #{tushubianhao,jdbcType=VARCHAR},tushumingcheng = #{tushumingcheng,jdbcType=VARCHAR},tushuleibie = #{tushuleibie,jdbcType=VARCHAR},xinjiuchengdu = #{xinjiuchengdu,jdbcType=VARCHAR},jiage = #{jiage,jdbcType=VARCHAR},shuliang = #{shuliang,jdbcType=VARCHAR},jine = #{jine,jdbcType=VARCHAR},beizhu = #{beizhu,jdbcType=VARCHAR},goumairen = #{goumairen,jdbcType=VARCHAR},  addtime = #{addtime,jdbcType=VARCHAR} where id = #{id,jdbcType=INTEGER}
  </update>
</mapper>
