<?xml version="1.0" encoding="UTF-8"?>
<!DOCTYPE mapper PUBLIC "-//mybatis.org//DTD Mapper 3.0//EN" "http://mybatis.org/dtd/mybatis-3-mapper.dtd">
<mapper namespace="com.dao.TushuleibieMapper">
  <resultMap id="BaseResultMap" type="com.entity.Tushuleibie">
    <id column="id" jdbcType="INTEGER" property="id" />
	<result column="leibie" jdbcType="VARCHAR" property="leibie" />    
    <result column="addtime" jdbcType="VARCHAR" property="addtime" />
  </resultMap>
  <sql id="Base_Column_List">
    id, leibie, addtime
  </sql>
  <select id="quchongTushuleibie"  parameterType="java.util.Map" resultMap="BaseResultMap" >
    select 
    <include refid="Base_Column_List" />
    from tushuleibie 
    where leibie = #{leibie,jdbcType=VARCHAR} limit 0,1
  </select>
 <select id="getCount"   resultType="int" parameterType="java.util.Map" >
    select  count(*) from tushuleibie  where 1=1
    <if test="leibie!=null">and leibie like  concat('%',#{leibie,jdbcType=VARCHAR},'%')</if>     
  </select> 
  <select id="getAll"   resultMap="BaseResultMap" parameterType="java.util.Map" >
    select   <include refid="Base_Column_List" /> from tushuleibie  where 1=1
    <if test="leibie!=null">
    and leibie =#{leibie}
    </if>
  </select>
  
  <select id="getsytushuleibie1"   resultMap="BaseResultMap" parameterType="java.util.Map" >
    select   <include refid="Base_Column_List" /> from tushuleibie  where 1=1
    limit 0,5
  </select>
  <select id="getsytushuleibie2"   resultMap="BaseResultMap" parameterType="java.util.Map" >
    select   <include refid="Base_Column_List" /> from tushuleibie  where 1=1
    limit 0,5
  </select>
  <select id="getsytushuleibie3"   resultMap="BaseResultMap" parameterType="java.util.Map" >
    select   <include refid="Base_Column_List" /> from tushuleibie  where 1=1
    limit 0,5
  </select>
  
   <select id="getByPage" parameterType="java.util.Map" resultMap="BaseResultMap">
     select  <include refid="Base_Column_List" /> 
     from tushuleibie where 1=1 
     <if test="leibie!=null">and leibie like  concat('%',#{leibie,jdbcType=VARCHAR},'%')</if>     
	 order by id desc
     <if test="pageno!=null and pageSize!=null">
     limit #{pageno},#{pageSize}
     </if>
     </select>
	 
  <select id="selectByPrimaryKey" parameterType="java.lang.Integer" resultMap="BaseResultMap">
    select 
    <include refid="Base_Column_List" />
    from tushuleibie
    where id = #{id,jdbcType=INTEGER}
  </select>
  <delete id="deleteByPrimaryKey" parameterType="java.lang.Integer">
    delete from tushuleibie
    where id = #{id,jdbcType=INTEGER}
  </delete>
  <insert id="insert" parameterType="com.entity.Tushuleibie">
    insert into tushuleibie (id, leibie, addtime)
    values (#{id,jdbcType=INTEGER}, #{leibie,jdbcType=VARCHAR}, #{addtime,jdbcType=VARCHAR})
  </insert>
  <insert id="insertSelective" parameterType="com.entity.Tushuleibie">
    insert into tushuleibie
    <trim prefix="(" suffix=")" suffixOverrides=",">
      <if test="id != null">
        id,
      </if>
      <if test="leibie != null"> leibie, </if>      
      <if test="addtime != null">
        addtime,
      </if>
      
    </trim>
    <trim prefix="values (" suffix=")" suffixOverrides=",">
      <if test="id != null">
        #{id,jdbcType=INTEGER},
      </if>
      <if test="leibie != null"> #{leibie,jdbcType=VARCHAR},</if>      
      <if test="addtime != null">
        #{addtime,jdbcType=VARCHAR},
      </if>
      
    </trim>
  </insert>
  <update id="updateByPrimaryKeySelective" parameterType="com.entity.Tushuleibie">
    update tushuleibie
    <set>
	  <if test="leibie != null"> leibie = #{leibie,jdbcType=VARCHAR},</if>      
      <if test="addtime != null">
        addtime = #{addtime,jdbcType=VARCHAR},
      </if>
    </set>
    where id = #{id,jdbcType=INTEGER}
  </update>
  
  
  
  <update id="updateByPrimaryKey" parameterType="com.entity.Tushuleibie">
    update tushuleibie
    set leibie = #{leibie,jdbcType=VARCHAR},  addtime = #{addtime,jdbcType=VARCHAR} where id = #{id,jdbcType=INTEGER}
  </update>
</mapper>
