<?xml version="1.0" encoding="UTF-8"?>
<beans xmlns="http://www.springframework.org/schema/beans"
	xmlns:xsi="http://www.w3.org/2001/XMLSchema-instance" xmlns:context="http://www.springframework.org/schema/context"
	xmlns:mvc="http://www.springframework.org/schema/mvc"
	xsi:schemaLocation="http://www.springframework.org/schema/beans 
	http://www.springframework.org/schema/beans/spring-beans.xsd
	http://www.springframework.org/schema/context
	http://www.springframework.org/schema/context/spring-context-4.0.xsd
	http://www.springframework.org/schema/mvc
	http://www.springframework.org/schema/mvc/spring-mvc-4.0.xsd">

	<!-- 注解扫描包 -->
	<context:component-scan base-package="com.project" />
<bean class="org.springframework.web.servlet.mvc.annotation.AnnotationMethodHandlerAdapter">
	</bean>
	
	<!-- 开启注解 -->
	<mvc:annotation-driven />
	
	<bean id="multipartResolver" class="org.springframework.web.multipart.commons.CommonsMultipartResolver">
	<property name="maxUploadSize">  
        <value>204857600</value>
    </property>

		<property name="maxInMemorySize" value="4096" />
		<property name="defaultEncoding" value="UTF-8"></property>

    </bean>

	<!--
		配置静态资源，直接映射到对应的文件夹，不被DispatcherServlet处理，3.04新增功能，需要重新设置spring-mvc-3.0.xsd
	-->
	<mvc:resources mapping="/img/**" location="/img/" />
	<mvc:resources mapping="/upload/**" location="/upload/" />
	<mvc:resources mapping="/js/**" location="/js/" />
	<mvc:resources mapping="/css/**" location="/css/" />
	<mvc:resources mapping="/html/**" location="/html/" />



	 <bean id="viewResolver"
		class="org.springframework.web.servlet.view.InternalResourceViewResolver">
		<!-- 这里的配置我的理解是自动给后面action的方法return的字符串加上前缀和后缀，变成一个 可用的url地址 -->
		<property name="prefix" value="/WEB-INF/jsp/" />
		<property name="suffix" value=".jsp" />
	</bean>



</beans>
